{"accuracy": 0.9067741935483871, "precision": 0.9109783477277722, "recall": 0.9067741935483871, "f1": 0.906499365735142}